{
  "required": true,
  "package": "io.github.itzispyder.clickcrystals.mixins",
  "compatibilityLevel": "JAVA_17",
  "client": [
    "CameraMixin",
    "ChatHudMixin",
    "ClientConnectionMixin",
    "ClientPlayerInteractionManagerMixin",
    "ClientPlayNetworkHandlerMixin",
    "GameRenderMixin",
    "InGameHudMixin",
    "InGameOverlayRendererMixin",
    "LightmapTextureManagerMixin",
    "LivingEntityRendererMixin"
  ],
  "injectors": {
    "defaultRequire": 1
  },
  "mixins": [
    "EntityMixin",
    "ItemStackMixin",
    "LivingEntityMixin",
    "MinecraftClientMixin",
    "PlayerEntityMixin",
    "PlayerInventoryMixin"
  ]
}
